{"cameraMode":{"drawMode":0,"name":"Shaded","section":"Shading Mode"},"sceneLighting":true,"audioPlay":false,"sceneViewState":{"showFog":true,"showMaterialUpdate":false,"showSkybox":true,"showFlares":true,"showImageEffects":true,"showParticleSystems":true,"showVisualEffectGraphs":true,"m_FxEnabled":true},"in2DMode":false,"pivot":{"x":152.91378784179688,"y":-100.38821411132813,"z":58.23797607421875},"rotation":{"x":-0.026291843503713609,"y":-0.9301119446754456,"z":0.36001694202423098,"w":-0.06791684776544571},"size":238.77801513671876,"orthographic":false}